run_name,max_speed_kph,avg_speed_kph,peak_accel_mps2,peak_decel_mps2,zero_to_50_s,braking_distance_m,energy_used_kwh,max_motor_torque_Nm
test_run_01,220.96635791809567,116.55686518605704,3.0978334359148514,-5.710683386192985,9.5,,0.5043262031480736,161.38972633745587
test_run_02,286.95315050360404,152.15869211706934,4.017152319304349,-7.309840865347217,8.0,,0.6223920309740644,203.7420940616004
